{
  "assetsByChunkName": {
    "vendors~app-account~app-confirmation~app-order": "chunk.7fc2d26577ea1add0f18.js",
    "vendors~app-account~app-checkout": "chunk.ad9e40caa8d143ab889c.js",
    "vendors~app-cart~app-checkout": "chunk.080a19fada9404833996.js",
    "admin": [
      "admin.5664dc7a1ccf4c06e57c.js",
      "admin.5664dc7a1ccf4c06e57c.js.map"
    ],
    "app-account": "chunk.972ef2b61319474604da.js",
    "app-checkout": "chunk.e490d9935c0def31feda.js",
    "app-confirmation": "chunk.5df20b9699c0a09feac1.js",
    "checkout": [
      "checkout.b34e774d842bddaa31bb.js",
      "checkout.b34e774d842bddaa31bb.js.map"
    ],
    "storefront": [
      "storefront.a23aef69925bffc230d1.css",
      "storefront.077146946f747d709bfe.js",
      "storefront.a23aef69925bffc230d1.css.map",
      "storefront.077146946f747d709bfe.js.map"
    ],
    "vendors~app-cart": "chunk.6fec098b38b1da11a9c9.js",
    "vendors~app-order": "chunk.99bd727bab49e654ac0c.js"
  }
}