{
  "categories_list": {
    "featured": [],
    "random": 0,
    "full_width": true
  },
  "centralized_logo": true,
  "marketing_stripe": {
    "text": "FRETE GRÁTIS NAS COMPRAS ACIMA DE R$180",
    "link": "https://www.querisskin.com.br/82263",
    "background": "#829aa6",
    "color": "#fefefe"
  },
  "alphabetical_order_submenu": false,
  "popup": "",
  "search_input": true,
  "desktop_megamenu": false,
  "full_width_submenu": false,
  "contacts_stripe": {
    "pages": [
      {
        "title": "+ que Skin Care, é amor próprio! 💎 ",
        "link": "/pages/sobre-nos"
      }
    ],
    "phone_wpp": true,
    "socials": true
  }
}