{
  "meta_title": "QUERIS SKIN",
  "meta_description": "+QUE SKIN CARE É AMOR PRÓPRIO!💎",
  "sections": [
    {
      "type": "banner-slider",
      "autoplay": 9000,
      "full_width": true,
      "slides": [
        {
          "start": "",
          "end": "",
          "img": "/img/uploads/banner-desktop-queris-2-1-.png",
          "mobile_img": "/img/uploads/banner-mobile-1-1.png"
        }
      ]
    },
    {
      "type": "collection-shelf",
      "shuffle": false,
      "limit": 12,
      "page": 1,
      "title": "OS PREFERIDOS DAS QUERIS ",
      "sort": "views"
    },
    {
      "type": "info-bar",
      "enabled": true
    },
    {
      "type": "banner-slider",
      "autoplay": 9000,
      "full_width": true,
      "slides": [
        {
          "start": "",
          "end": "",
          "img": "/img/uploads/resultado-1.png",
          "mobile_img": "/img/uploads/resultado-1.jpg"
        },
        {
          "start": "",
          "end": "",
          "img": "/img/uploads/resultado-2.png",
          "mobile_img": "/img/uploads/resultado-2.jpg"
        },
        {
          "start": "",
          "end": "",
          "img": "/img/uploads/resultado-3.png",
          "mobile_img": "/img/uploads/resultado-3.jpg"
        },
        {
          "start": "",
          "end": "",
          "img": "/img/uploads/resultado-4.png",
          "mobile_img": "/img/uploads/resultado-4.jpg"
        }
      ]
    },
    {
      "type": "review-carousel",
      "autoplay": 9000,
      "title": "QUEM USA QUERIS SKIN  DIZ",
      "reviews": [
        {
          "nome": "DRA LETÍCIA GARCIA",
          "cidade": "BELO HORIZONTE ",
          "texto": "Estou adorando o sabonete revitalisation,estou gostando mesmo !   Lavando meu rosto todos os dias com ele, Muito bom!!!⭐⭐⭐⭐⭐",
          "img": "/img/uploads/leticia.jpg"
        },
        {
          "nome": "MICHELE DURTE ",
          "cidade": "MARAVILHAS -MG",
          "texto": "Produtos perfeitos💙 sem palavras para descrever !!!!Estou tendo ótimos resultados na pele com eles!!!⭐⭐⭐⭐⭐",
          "img": "/img/uploads/michele.jpg"
        },
        {
          "nome": "BRENDA LORRAINE",
          "cidade": "JEQUITIBÁ-MG",
          "texto": "Estou gostando muito, muito mesmo minha pele era muito oleosa, diminuiu demais a oleosidade da pele pele e já percebi que começou clarear algumas manchas do rosto e Claro, que já não vivo sem mais!!⭐⭐⭐⭐⭐",
          "img": "/img/uploads/brenda-lorrane.jpg"
        },
        {
          "img": "/img/uploads/feeeeeedeback.jpg",
          "nome": "MARIA LIMA",
          "cidade": "MARAVILHAS-MINAS GERAIS",
          "texto": "passando para te dar o feedback  Estou apaixonada pelo sabonete revitalizante 💙 com um dia de uso senti uma diferença enorme!!!!  Senti meu rosto mais claro minha pele esta macia feito algodão minha pele esta muito bonita e iluminada!!  Só acho que mais mulheres deveriam ter conhecimento da linha ,dessa marca por que ela ja é sucesso e assim que acabar ja quero outro!!!  Muito obrigada!!!⭐⭐⭐⭐⭐"
        }
      ]
    }
  ]
}