{
  "shipping": {
    "show": true,
    "text": "ENTREGAMOS PARA TODO BRASIL",
    "title": "FRETE GRÁTIS NAS COMPRAS ACIMA DE 180",
    "link": "https://www.querisskin.com.br/82263"
  },
  "installments": {
    "show": true,
    "text": "PARCELE EM 6X SEM JUROS ",
    "link": "https://www.querisskin.com.br/82263"
  },
  "exchange": {
    "show": false,
    "text": ""
  },
  "promo": {
    "show": true,
    "text": "",
    "title": "GANHE UMA NECESSAIRE ",
    "link": "https://www.querisskin.com.br/82263"
  }
}